{
    "-1": {
        "name": "default attribute value presentation",
        "attribute_presentation": {
            "condition_type": "",
            "quantity": "",
            "attribute": "Attribute",
            "unit_object": "Unit",
            "next_object": "Unit",
            "object_list": "UnitInfo",
            "source_player": "PlayerId",
            "technology": "TechInfo",
            "timer": "",
            "area_x1": "",
            "area_y1": "",
            "area_x2": "",
            "area_y2": "",
            "object_group": "ObjectClass",
            "object_type": "ObjectType",
            "ai_signal": "",
            "inverted": "bool",
            "variable": "",
            "comparison": "Comparison",
            "target_player": "PlayerId",
            "unit_ai_action": "UnitAIAction",
            "object_state": "ObjectState",
            "xs_function": "str"
        }
    },
    "0": {
        "name": "none",
        "attributes": [
            "condition_type"
        ],
        "default_attributes": {
            "condition_type": 0,
            "quantity": -1,
            "attribute": -1,
            "unit_object": -1,
            "next_object": -1,
            "object_list": -1,
            "source_player": -1,
            "technology": -1,
            "timer": -1,
            "area_x1": -1,
            "area_y1": -1,
            "area_x2": -1,
            "area_y2": -1,
            "object_group": -1,
            "object_type": -1,
            "ai_signal": -1,
            "inverted": -1,
            "variable": -1,
            "comparison": -1,
            "target_player": -1,
            "unit_ai_action": -1,
            "object_state": -1,
            "xs_function": ""
        }
    },
    "1": {
        "name": "bring_object_to_area",
        "attributes": [
            "condition_type",
            "unit_object",
            "area_x1",
            "area_y1",
            "area_x2",
            "area_y2",
            "inverted"
        ],
        "default_attributes": {
            "condition_type": 1,
            "quantity": -1,
            "attribute": -1,
            "unit_object": -1,
            "next_object": -1,
            "object_list": -1,
            "source_player": -1,
            "technology": -1,
            "timer": -1,
            "area_x1": -1,
            "area_y1": -1,
            "area_x2": -1,
            "area_y2": -1,
            "object_group": -1,
            "object_type": -1,
            "ai_signal": 0,
            "inverted": 0,
            "variable": -1,
            "comparison": -1,
            "target_player": -1,
            "unit_ai_action": -1,
            "object_state": -1,
            "xs_function": ""
        }
    },
    "2": {
        "name": "bring_object_to_object",
        "attributes": [
            "condition_type",
            "unit_object",
            "next_object",
            "inverted"
        ],
        "default_attributes": {
            "condition_type": 2,
            "quantity": -1,
            "attribute": -1,
            "unit_object": -1,
            "next_object": -1,
            "object_list": -1,
            "source_player": -1,
            "technology": -1,
            "timer": -1,
            "area_x1": -1,
            "area_y1": -1,
            "area_x2": -1,
            "area_y2": -1,
            "object_group": -1,
            "object_type": -1,
            "ai_signal": -1,
            "inverted": 0,
            "variable": -1,
            "comparison": -1,
            "target_player": -1,
            "unit_ai_action": -1,
            "object_state": -1,
            "xs_function": ""
        }
    },
    "3": {
        "name": "own_objects",
        "attributes": [
            "condition_type",
            "quantity",
            "object_list",
            "source_player",
            "object_group",
            "object_type"
        ],
        "default_attributes": {
            "condition_type": 3,
            "quantity": -1,
            "attribute": -1,
            "unit_object": -1,
            "next_object": -1,
            "object_list": -1,
            "source_player": 1,
            "technology": -1,
            "timer": -1,
            "area_x1": -1,
            "area_y1": -1,
            "area_x2": -1,
            "area_y2": -1,
            "object_group": -1,
            "object_type": -1,
            "ai_signal": -1,
            "inverted": 0,
            "variable": -1,
            "comparison": 0,
            "target_player": 1,
            "unit_ai_action": -1,
            "object_state": -1,
            "xs_function": ""
        }
    },
    "4": {
        "name": "own_fewer_objects",
        "attributes": [
            "condition_type",
            "quantity",
            "object_list",
            "source_player",
            "area_x1",
            "area_y1",
            "area_x2",
            "area_y2",
            "object_group",
            "object_type"
        ],
        "default_attributes": {
            "condition_type": 4,
            "quantity": -1,
            "attribute": -1,
            "unit_object": -1,
            "next_object": -1,
            "object_list": -1,
            "source_player": 1,
            "technology": -1,
            "timer": -1,
            "area_x1": -1,
            "area_y1": -1,
            "area_x2": -1,
            "area_y2": -1,
            "object_group": -1,
            "object_type": -1,
            "ai_signal": -1,
            "inverted": 0,
            "variable": -1,
            "comparison": 0,
            "target_player": 1,
            "unit_ai_action": -1,
            "object_state": -1,
            "xs_function": ""
        }
    },
    "5": {
        "name": "objects_in_area",
        "attributes": [
            "condition_type",
            "quantity",
            "object_list",
            "source_player",
            "area_x1",
            "area_y1",
            "area_x2",
            "area_y2",
            "object_group",
            "object_type",
            "inverted",
            "object_state"
        ],
        "default_attributes": {
            "condition_type": 5,
            "quantity": -1,
            "attribute": -1,
            "unit_object": -1,
            "next_object": -1,
            "object_list": -1,
            "source_player": 1,
            "technology": -1,
            "timer": -1,
            "area_x1": -1,
            "area_y1": -1,
            "area_x2": -1,
            "area_y2": -1,
            "object_group": -1,
            "object_type": -1,
            "ai_signal": -1,
            "inverted": 0,
            "variable": -1,
            "comparison": -1,
            "target_player": -1,
            "unit_ai_action": -1,
            "object_state": 2,
            "xs_function": ""
        }
    },
    "6": {
        "name": "destroy_object",
        "attributes": [
            "condition_type",
            "unit_object",
            "inverted"
        ],
        "default_attributes": {
            "condition_type": 6,
            "quantity": -1,
            "attribute": -1,
            "unit_object": -1,
            "next_object": -1,
            "object_list": -1,
            "source_player": 1,
            "technology": -1,
            "timer": -1,
            "area_x1": -1,
            "area_y1": -1,
            "area_x2": -1,
            "area_y2": -1,
            "object_group": -1,
            "object_type": -1,
            "ai_signal": -1,
            "inverted": 0,
            "variable": -1,
            "comparison": -1,
            "target_player": -1,
            "unit_ai_action": -1,
            "object_state": -1,
            "xs_function": ""
        }
    },
    "7": {
        "name": "capture_object",
        "attributes": [
            "condition_type",
            "unit_object",
            "source_player",
            "inverted"
        ],
        "default_attributes": {
            "condition_type": 7,
            "quantity": -1,
            "attribute": -1,
            "unit_object": -1,
            "next_object": -1,
            "object_list": -1,
            "source_player": 1,
            "technology": -1,
            "timer": -1,
            "area_x1": -1,
            "area_y1": -1,
            "area_x2": -1,
            "area_y2": -1,
            "object_group": -1,
            "object_type": -1,
            "ai_signal": -1,
            "inverted": 0,
            "variable": -1,
            "comparison": -1,
            "target_player": -1,
            "unit_ai_action": -1,
            "object_state": -1,
            "xs_function": ""
        }
    },
    "8": {
        "name": "accumulate_attribute",
        "attributes": [
            "condition_type",
            "quantity",
            "attribute",
            "source_player",
            "inverted"
        ],
        "default_attributes": {
            "condition_type": 8,
            "quantity": -1,
            "attribute": 0,
            "unit_object": -1,
            "next_object": -1,
            "object_list": -1,
            "source_player": 1,
            "technology": -1,
            "timer": -1,
            "area_x1": -1,
            "area_y1": -1,
            "area_x2": -1,
            "area_y2": -1,
            "object_group": -1,
            "object_type": -1,
            "ai_signal": -1,
            "inverted": 0,
            "variable": -1,
            "comparison": -1,
            "target_player": -1,
            "unit_ai_action": -1,
            "object_state": -1,
            "xs_function": ""
        }
    },
    "9": {
        "name": "research_technology",
        "attributes": [
            "condition_type",
            "source_player",
            "technology",
            "inverted"
        ],
        "default_attributes": {
            "condition_type": 9,
            "quantity": -1,
            "attribute": -1,
            "unit_object": -1,
            "next_object": -1,
            "object_list": -1,
            "source_player": 1,
            "technology": 16,
            "timer": -1,
            "area_x1": -1,
            "area_y1": -1,
            "area_x2": -1,
            "area_y2": -1,
            "object_group": -1,
            "object_type": -1,
            "ai_signal": -1,
            "inverted": 0,
            "variable": -1,
            "comparison": -1,
            "target_player": -1,
            "unit_ai_action": -1,
            "object_state": -1,
            "xs_function": ""
        }
    },
    "10": {
        "name": "timer",
        "attributes": [
            "condition_type",
            "timer",
            "inverted"
        ],
        "default_attributes": {
            "condition_type": 10,
            "quantity": -1,
            "attribute": -1,
            "unit_object": -1,
            "next_object": -1,
            "object_list": -1,
            "source_player": -1,
            "technology": -1,
            "timer": 10,
            "area_x1": -1,
            "area_y1": -1,
            "area_x2": -1,
            "area_y2": -1,
            "object_group": -1,
            "object_type": -1,
            "ai_signal": -1,
            "inverted": 0,
            "variable": -1,
            "comparison": -1,
            "target_player": -1,
            "unit_ai_action": -1,
            "object_state": -1,
            "xs_function": ""
        }
    },
    "11": {
        "name": "object_selected",
        "attributes": [
            "condition_type",
            "unit_object",
            "inverted"
        ],
        "default_attributes": {
            "condition_type": 11,
            "quantity": -1,
            "attribute": -1,
            "unit_object": -1,
            "next_object": -1,
            "object_list": -1,
            "source_player": 1,
            "technology": -1,
            "timer": -1,
            "area_x1": -1,
            "area_y1": -1,
            "area_x2": -1,
            "area_y2": -1,
            "object_group": -1,
            "object_type": -1,
            "ai_signal": -1,
            "inverted": 0,
            "variable": -1,
            "comparison": 0,
            "target_player": 1,
            "unit_ai_action": -1,
            "object_state": -1,
            "xs_function": ""
        }
    },
    "12": {
        "name": "ai_signal",
        "attributes": [
            "condition_type",
            "ai_signal",
            "inverted"
        ],
        "default_attributes": {
            "condition_type": 12,
            "quantity": -1,
            "attribute": -1,
            "unit_object": -1,
            "next_object": -1,
            "object_list": -1,
            "source_player": -1,
            "technology": -1,
            "timer": -1,
            "area_x1": -1,
            "area_y1": -1,
            "area_x2": -1,
            "area_y2": -1,
            "object_group": -1,
            "object_type": -1,
            "ai_signal": 0,
            "inverted": 0,
            "variable": -1,
            "comparison": -1,
            "target_player": -1,
            "unit_ai_action": -1,
            "object_state": -1,
            "xs_function": ""
        }
    },
    "13": {
        "name": "player_defeated",
        "attributes": [
            "condition_type",
            "source_player",
            "inverted"
        ],
        "default_attributes": {
            "condition_type": 13,
            "quantity": -1,
            "attribute": -1,
            "unit_object": -1,
            "next_object": -1,
            "object_list": -1,
            "source_player": 1,
            "technology": -1,
            "timer": -1,
            "area_x1": -1,
            "area_y1": -1,
            "area_x2": -1,
            "area_y2": -1,
            "object_group": -1,
            "object_type": -1,
            "ai_signal": -1,
            "inverted": 0,
            "variable": -1,
            "comparison": -1,
            "target_player": -1,
            "unit_ai_action": -1,
            "object_state": -1,
            "xs_function": ""
        }
    },
    "14": {
        "name": "object_has_target",
        "attributes": [
            "condition_type",
            "unit_object",
            "next_object",
            "object_list",
            "object_group",
            "object_type",
            "inverted"
        ],
        "default_attributes": {
            "condition_type": 14,
            "quantity": -1,
            "attribute": -1,
            "unit_object": -1,
            "next_object": -1,
            "object_list": -1,
            "source_player": 1,
            "technology": -1,
            "timer": -1,
            "area_x1": -1,
            "area_y1": -1,
            "area_x2": -1,
            "area_y2": -1,
            "object_group": -1,
            "object_type": -1,
            "ai_signal": -1,
            "inverted": 0,
            "variable": -1,
            "comparison": -1,
            "target_player": 1,
            "unit_ai_action": -1,
            "object_state": -1,
            "xs_function": ""
        }
    },
    "15": {
        "name": "object_visible",
        "attributes": [
            "condition_type",
            "unit_object"
        ],
        "default_attributes": {
            "condition_type": 15,
            "quantity": -1,
            "attribute": -1,
            "unit_object": -1,
            "next_object": -1,
            "object_list": -1,
            "source_player": 1,
            "technology": -1,
            "timer": -1,
            "area_x1": -1,
            "area_y1": -1,
            "area_x2": -1,
            "area_y2": -1,
            "object_group": -1,
            "object_type": -1,
            "ai_signal": -1,
            "inverted": 0,
            "variable": -1,
            "comparison": 0,
            "target_player": 1,
            "unit_ai_action": -1,
            "object_state": -1,
            "xs_function": ""
        }
    },
    "16": {
        "name": "object_not_visible",
        "attributes": [
            "condition_type",
            "unit_object"
        ],
        "default_attributes": {
            "condition_type": 16,
            "quantity": -1,
            "attribute": -1,
            "unit_object": -1,
            "next_object": -1,
            "object_list": -1,
            "source_player": 1,
            "technology": -1,
            "timer": -1,
            "area_x1": -1,
            "area_y1": -1,
            "area_x2": -1,
            "area_y2": -1,
            "object_group": -1,
            "object_type": -1,
            "ai_signal": -1,
            "inverted": 0,
            "variable": -1,
            "comparison": 0,
            "target_player": 1,
            "unit_ai_action": -1,
            "object_state": -1,
            "xs_function": ""
        }
    },
    "17": {
        "name": "researching_tech",
        "attributes": [
            "condition_type",
            "source_player",
            "technology",
            "inverted"
        ],
        "default_attributes": {
            "condition_type": 17,
            "quantity": -1,
            "attribute": -1,
            "unit_object": -1,
            "next_object": -1,
            "object_list": -1,
            "source_player": 1,
            "technology": 16,
            "timer": -1,
            "area_x1": -1,
            "area_y1": -1,
            "area_x2": -1,
            "area_y2": -1,
            "object_group": -1,
            "object_type": -1,
            "ai_signal": -1,
            "inverted": 0,
            "variable": -1,
            "comparison": -1,
            "target_player": -1,
            "unit_ai_action": -1,
            "object_state": -1,
            "xs_function": ""
        }
    },
    "18": {
        "name": "units_garrisoned",
        "attributes": [
            "condition_type",
            "quantity",
            "unit_object",
            "inverted"
        ],
        "default_attributes": {
            "condition_type": 18,
            "quantity": -1,
            "attribute": -1,
            "unit_object": -1,
            "next_object": -1,
            "object_list": -1,
            "source_player": -1,
            "technology": -1,
            "timer": 10,
            "area_x1": -1,
            "area_y1": -1,
            "area_x2": -1,
            "area_y2": -1,
            "object_group": -1,
            "object_type": -1,
            "ai_signal": -1,
            "inverted": 0,
            "variable": -1,
            "comparison": -1,
            "target_player": -1,
            "unit_ai_action": -1,
            "object_state": -1,
            "xs_function": ""
        }
    },
    "19": {
        "name": "difficulty_level",
        "attributes": [
            "condition_type",
            "quantity",
            "inverted"
        ],
        "attribute_presentation": {
            "quantity": "DifficultyLevel"
        },
        "default_attributes": {
            "condition_type": 19,
            "quantity": 3,
            "attribute": -1,
            "unit_object": -1,
            "next_object": -1,
            "object_list": -1,
            "source_player": -1,
            "technology": -1,
            "timer": -1,
            "area_x1": -1,
            "area_y1": -1,
            "area_x2": -1,
            "area_y2": -1,
            "object_group": -1,
            "object_type": -1,
            "ai_signal": -1,
            "inverted": 0,
            "variable": -1,
            "comparison": -1,
            "target_player": -1,
            "unit_ai_action": -1,
            "object_state": -1,
            "xs_function": ""
        }
    },
    "20": {
        "name": "chance",
        "attributes": [
            "condition_type",
            "quantity"
        ],
        "default_attributes": {
            "condition_type": 20,
            "quantity": -1,
            "attribute": -1,
            "unit_object": -1,
            "next_object": -1,
            "object_list": -1,
            "source_player": -1,
            "technology": -1,
            "timer": -1,
            "area_x1": -1,
            "area_y1": -1,
            "area_x2": -1,
            "area_y2": -1,
            "object_group": -1,
            "object_type": -1,
            "ai_signal": -1,
            "inverted": 0,
            "variable": -1,
            "comparison": -1,
            "target_player": -1,
            "unit_ai_action": -1,
            "object_state": -1,
            "xs_function": ""
        }
    },
    "21": {
        "name": "technology_state",
        "attributes": [
            "condition_type",
            "quantity",
            "source_player",
            "technology",
            "inverted"
        ],
        "attribute_presentation": {
            "quantity": "TechnologyState"
        },
        "default_attributes": {
            "condition_type": 21,
            "quantity": 3,
            "attribute": -1,
            "unit_object": -1,
            "next_object": -1,
            "object_list": -1,
            "source_player": 1,
            "technology": 16,
            "timer": -1,
            "area_x1": -1,
            "area_y1": -1,
            "area_x2": -1,
            "area_y2": -1,
            "object_group": -1,
            "object_type": -1,
            "ai_signal": -1,
            "inverted": 0,
            "variable": -1,
            "comparison": -1,
            "target_player": -1,
            "unit_ai_action": -1,
            "object_state": -1,
            "xs_function": ""
        }
    },
    "22": {
        "name": "variable_value",
        "attributes": [
            "condition_type",
            "quantity",
            "inverted",
            "variable",
            "comparison"
        ],
        "default_attributes": {
            "condition_type": 22,
            "quantity": -1,
            "attribute": -1,
            "unit_object": -1,
            "next_object": -1,
            "object_list": -1,
            "source_player": -1,
            "technology": -1,
            "timer": 10,
            "area_x1": -1,
            "area_y1": -1,
            "area_x2": -1,
            "area_y2": -1,
            "object_group": -1,
            "object_type": -1,
            "ai_signal": -1,
            "inverted": 0,
            "variable": 0,
            "comparison": 0,
            "target_player": -1,
            "unit_ai_action": -1,
            "object_state": -1,
            "xs_function": ""
        }
    },
    "23": {
        "name": "object_hp",
        "attributes": [
            "condition_type",
            "quantity",
            "unit_object",
            "inverted",
            "comparison"
        ],
        "default_attributes": {
            "condition_type": 23,
            "quantity": -1,
            "attribute": -1,
            "unit_object": -1,
            "next_object": -1,
            "object_list": -1,
            "source_player": 1,
            "technology": -1,
            "timer": -1,
            "area_x1": -1,
            "area_y1": -1,
            "area_x2": -1,
            "area_y2": -1,
            "object_group": -1,
            "object_type": -1,
            "ai_signal": -1,
            "inverted": 0,
            "variable": -1,
            "comparison": 0,
            "target_player": 1,
            "unit_ai_action": -1,
            "object_state": -1,
            "xs_function": ""
        }
    },
    "24": {
        "name": "diplomacy_state",
        "attributes": [
            "condition_type",
            "quantity",
            "source_player",
            "inverted",
            "target_player"
        ],
        "attribute_presentation": {
            "quantity": "DiplomacyState"
        },
        "default_attributes": {
            "condition_type": 24,
            "quantity": 0,
            "attribute": -1,
            "unit_object": -1,
            "next_object": -1,
            "object_list": -1,
            "source_player": 1,
            "technology": -1,
            "timer": -1,
            "area_x1": -1,
            "area_y1": -1,
            "area_x2": -1,
            "area_y2": -1,
            "object_group": -1,
            "object_type": -1,
            "ai_signal": -1,
            "inverted": 0,
            "variable": -1,
            "comparison": -1,
            "target_player": 1,
            "unit_ai_action": -1,
            "object_state": -1,
            "xs_function": ""
        }
    },
    "25": {
        "name": "script_call",
        "attributes": [
            "xs_function"
        ],
        "default_attributes": {
            "condition_type": 25,
            "quantity": -1,
            "attribute": -1,
            "unit_object": -1,
            "next_object": -1,
            "object_list": -1,
            "source_player": -1,
            "technology": -1,
            "timer": -1,
            "area_x1": -1,
            "area_y1": -1,
            "area_x2": -1,
            "area_y2": -1,
            "object_group": -1,
            "object_type": -1,
            "ai_signal": -1,
            "inverted": -1,
            "variable": -1,
            "comparison": -1,
            "target_player": -1,
            "unit_ai_action": -1,
            "object_state": -1,
            "xs_function": ""
        }
    },
    "26": {
        "name": "object_selected_multiplayer",
        "attributes": [
            "unit_object",
            "source_player",
            "inverted"
        ],
        "default_attributes": {
            "condition_type": 26,
            "quantity": -1,
            "attribute": -1,
            "unit_object": -1,
            "next_object": -1,
            "object_list": -1,
            "source_player": 1,
            "technology": -1,
            "timer": -1,
            "area_x1": -1,
            "area_y1": -1,
            "area_x2": -1,
            "area_y2": -1,
            "object_group": -1,
            "object_type": -1,
            "ai_signal": -1,
            "inverted": 0,
            "variable": -1,
            "comparison": -1,
            "target_player": -1,
            "unit_ai_action": -1,
            "object_state": -1,
            "xs_function": ""
        }
    },
    "27": {
        "name": "object_visible_multiplayer",
        "attributes": [
            "unit_object",
            "source_player",
            "inverted"
        ],
        "default_attributes": {
            "condition_type": 27,
            "quantity": -1,
            "attribute": -1,
            "unit_object": -1,
            "next_object": -1,
            "object_list": -1,
            "source_player": 1,
            "technology": -1,
            "timer": -1,
            "area_x1": -1,
            "area_y1": -1,
            "area_x2": -1,
            "area_y2": -1,
            "object_group": -1,
            "object_type": -1,
            "ai_signal": -1,
            "inverted": 0,
            "variable": -1,
            "comparison": -1,
            "target_player": -1,
            "unit_ai_action": -1,
            "object_state": -1,
            "xs_function": ""
        }
    },
    "28": {
        "name": "object_has_action",
        "attributes": [
            "unit_object",
            "next_object",
            "object_list",
            "object_group",
            "object_type",
            "inverted",
            "unit_ai_action"
        ],
        "default_attributes": {
            "condition_type": 28,
            "quantity": -1,
            "attribute": -1,
            "unit_object": -1,
            "next_object": -1,
            "object_list": -1,
            "source_player": -1,
            "technology": -1,
            "timer": -1,
            "area_x1": -1,
            "area_y1": -1,
            "area_x2": -1,
            "area_y2": -1,
            "object_group": -1,
            "object_type": -1,
            "ai_signal": -1,
            "inverted": 0,
            "variable": -1,
            "comparison": -1,
            "target_player": -1,
            "unit_ai_action": 0,
            "object_state": -1,
            "xs_function": ""
        }
    },
    "29": {
        "name": "or",
        "attributes": [],
        "default_attributes": {
            "condition_type": 29,
            "quantity": -1,
            "attribute": -1,
            "unit_object": -1,
            "next_object": -1,
            "object_list": -1,
            "source_player": -1,
            "technology": -1,
            "timer": -1,
            "area_x1": -1,
            "area_y1": -1,
            "area_x2": -1,
            "area_y2": -1,
            "object_group": -1,
            "object_type": -1,
            "ai_signal": -1,
            "inverted": -1,
            "variable": -1,
            "comparison": -1,
            "target_player": -1,
            "unit_ai_action": -1,
            "object_state": -1,
            "xs_function": ""
        }
    },
    "30": {
        "name": "ai_signal_multiplayer",
        "attributes": [
            "ai_signal",
            "inverted"
        ],
        "default_attributes": {
            "condition_type": 30,
            "quantity": -1,
            "attribute": -1,
            "unit_object": -1,
            "next_object": -1,
            "object_list": -1,
            "source_player": -1,
            "technology": -1,
            "timer": -1,
            "area_x1": -1,
            "area_y1": -1,
            "area_x2": -1,
            "area_y2": -1,
            "object_group": -1,
            "object_type": -1,
            "ai_signal": 0,
            "inverted": 0,
            "variable": -1,
            "comparison": -1,
            "target_player": -1,
            "unit_ai_action": -1,
            "object_state": -1,
            "xs_function": ""
        }
    }
}
